Timestamp,--- Section 1: Vendor Profile ---,1. Vendor ID / Name (Optional),2. Gender,3. Age Group,4. List of all Goods/Services sold (Describe the primary items sold),5. Type of Goods Sold,6. Specific Location (Detailed intersection/landmark),7. Current Business Duration (Round Off to Nearest Year - How long have you been operating this business?),8. Primary Mode of Operation,--- Section 2: UPI Usage & Adoption History ---,9. Do you accept UPI (QR Code) payments?,10. Why did you first start using UPI? (Select all that apply),"11. Do you pay any monthly fees (e.g., Soundbox rent) or transaction charges for using UPI?","12. Out of every 10 customers, how many pay via UPI? (Estimate)","13. How often do you experience technical/network issues (e.g., transaction fails, slow network)?","--- Section 3: Sales, Volume & Management ---",14. What is the most common amount a customer pays for a single item (average ticket size)?,"15. On an average day, roughly how many total customers do you serve?",16. Is your daily collection amount generally the same every day?,17a. Earnings on the Busiest Day (Last 7 days) (Approximate figure in Rupees),17b. Earnings on the Slowest Day (Last 7 days) (Approximate figure in Rupees),"18. In the last 1 hour, how many total customers came?",19. How many of those customers (in the last hour) used UPI?,20. Is it easier to keep track of your daily earnings with UPI or Cash?,"21. Do you feel you ""save"" more money now because UPI goes directly to the bank?","22. Compared to the same time last year, how has your overall business (sales volume/revenue) changed?",--- Section 4: Perceptions & Efficiency ---,23. Has the time taken per transaction changed using UPI?,"24. Out of every 10 customers, how many pay via Cash? (Estimate)",25. How many customers (who pay in cash) do you lose in a week because you don't have change?,26. Are you worried about all your transactions being recorded digitally?,27. Do customers ever leave because the UPI payment is taking too long?,28. Which mode do you prefer for your business?,--- Section 5: Surveyor Internal Consistency Check ---,C.1 Do the buckets for UPI (Q12) and Cash (Q24) sum to approximately 10?,"C.2 If the vendor said business is 'Very Steady,' is the difference between Busiest and Slowest day less than 30%?",C.3 Does the ratio of UPI users in the last hour (Q18/Q19) fall within the general day bucket (Q12)?,C.4 Was a QR code physically visible and reachable?,C.5 General atmosphere during interview:
,,,,,,,,,,,,,,,,,,,,,,,,,,,,,,,,,,,,,,,
4-5-2026 20:07:43,1,Banik Bags,Male,60+,Bags,"Non-Perishables (e.g., clothes, small electronics, repair services)","Dunlop Bridge, besides Khadim",7,Permanent Stall (Pucca/Semi-Pucca structure),2,Yes,Was a good innovation when introduced.,No (Free),0-2,Rarely (Less than once a month),3,?100-?500,4-5,Very Unsteady (Collections vary greatly),12000,600,2,0,Cash (Physical count is better),No difference in saving habits,Declined (20%+ decrease),4,Slower (due to network/verification),9-10,0-2,"No, I am not worried",Never,Cash,"FOR THE SURVEYOR, FILL IMMEDIATELY AFTER INTERVIEW BASED ON PREVIOUS ANSWERS.",Yes,Yes,Matches exactly,Clearly Visible,Cooperative
4-5-2026 20:24:25,1,Sourav Adak (Flury's),Male,18-29,Snacks and desserts (confectionery items),"Perishables (e.g., fruits, vegetables, cooked food)",Dunlop ,4 years,Permanent Stall (Pucca/Semi-Pucca structure),2,Yes,"Customers kept asking for it, To avoid the problem of change, Other vendors were using it",Yes (small charge per sale/transaction),9-10,Rarely (Less than once a month),3,?100-?500,7,Somewhat Fluctuating,20000,5000,5,2,UPI (Bank record helps),"Yes, it helps me save more",Declined (20%+ decrease),4,Faster with UPI,0-2,0-2,"No, I am not worried",Never,Both are equally good,"FOR THE SURVEYOR, FILL IMMEDIATELY AFTER INTERVIEW BASED ON PREVIOUS ANSWERS.",No (Flag for data cleaning),,Slightly different,Clearly Visible,Cooperative
4-5-2026 20:32:31,1,Ganga Roy,Male,45-59,Sungarcane Juice,"Perishables (e.g., fruits, vegetables, cooked food)",Outside Ajanta Footwear(Dunlop),11,Mobile Cart (Thela/Rehri),2,Yes,Customers kept asking for it,Yes (monthly rent for device/service),3-5,Rarely (Less than once a month),3,?20-?100,30-40,Very Unsteady (Collections vary greatly),1500,450,4,2,Cash (Physical count is better),No difference in saving habits,Stayed the Same,4,Faster with UPI,6-8,3-5,Neutral/Don't care,Sometimes,Cash,"FOR THE SURVEYOR, FILL IMMEDIATELY AFTER INTERVIEW BASED ON PREVIOUS ANSWERS.",Yes,,Matches exactly,Clearly Visible,Cooperative
4-5-2026 20:36:34,1,Sambhu (flower shop),Male,45-59,Flower,"Perishables (e.g., fruits, vegetables, cooked food)",Near KFC,30,Permanent Stall (Pucca/Semi-Pucca structure),2,No,No,No (Free),0-2,Rarely (Less than once a month),3,?20-?100,40-50,Very Unsteady (Collections vary greatly),3500,1500,20-25,0,No difference,No difference in saving habits,Declined (20%+ decrease),4,No change,9-10,Na,Neutral/Don't care,Never,Cash,"FOR THE SURVEYOR, FILL IMMEDIATELY AFTER INTERVIEW BASED ON PREVIOUS ANSWERS.",Yes,,Matches exactly,None found (Vendor stated they don't accept UPI),Cooperative
4-5-2026 20:41:06,1,Diamond infotech,Male,45-59,Electronics,"Non-Perishables (e.g., clothes, small electronics, repair services)",Opposite to yadav snacks ,3,Permanent Stall (Pucca/Semi-Pucca structure),2,Yes,Customers kept asking for it,No (Free),6-8,Rarely (Less than once a month),3,?100-?500,5,Somewhat Fluctuating,4000,100,0,0,Cash (Physical count is better),No difference in saving habits,Declined (20%+ decrease),4,Slower (due to network/verification),3-5,0-2,Neutral/Don't care,Never,Cash,"FOR THE SURVEYOR, FILL IMMEDIATELY AFTER INTERVIEW BASED ON PREVIOUS ANSWERS.",Yes,,Major contradiction,Clearly Visible,Very defensive and reluctant 
4-5-2026 20:51:10,1,Jeetu,Male,45-59,Fruits ,"Perishables (e.g., fruits, vegetables, cooked food)",Kfc,21,Permanent Stall (Pucca/Semi-Pucca structure),2,No,Na,No (Free),0-2,Rarely (Less than once a month),3,?20-?100,Fluctuating ,Very Unsteady (Collections vary greatly),Not answering ,Not answering ,4,0,No difference,No difference in saving habits,Declined (20%+ decrease),4,No change,9-10,0-2,Neutral/Don't care,Never,Cash,"FOR THE SURVEYOR, FILL IMMEDIATELY AFTER INTERVIEW BASED ON PREVIOUS ANSWERS.",Yes,,Matches exactly,None found (Vendor stated they don't accept UPI),Incentive based cooperation
4-5-2026 20:51:11,1,Divine Stores,Male,45-59,Stationery,"Non-Perishables (e.g., clothes, small electronics, repair services)",Opposite Baskin Robins (Dunlop),25,Permanent Stall (Pucca/Semi-Pucca structure),2,Yes,To avoid the problem of change,Yes (monthly rent for device/service),3-5,Monthly,3,?20-?100,NA,Very Unsteady (Collections vary greatly),NA,NA,10-20,4,Cash (Physical count is better),No difference in saving habits,Declined (20%+ decrease),4,No change,6-8,10,Neutral/Don't care,Sometimes,Cash,"FOR THE SURVEYOR, FILL IMMEDIATELY AFTER INTERVIEW BASED ON PREVIOUS ANSWERS.",Yes,,Slightly different,Clearly Visible,Suspicious
4-5-2026 20:57:27,1,,Male,60+,Pani puri,"Non-Perishables (e.g., clothes, small electronics, repair services)",Pani puri stall beside gadget house,40,Mobile Cart (Thela/Rehri),2,Yes,To avoid the problem of change,Yes (monthly rent for device/service),3-5,Daily,3,?20-?100,85,Somewhat Fluctuating,1000,850,10,4,No difference,"Yes, it helps me save more",Declined (20%+ decrease),4,Faster with UPI,6-8,3-5,"No, I am not worried",Sometimes,Cash,"FOR THE SURVEYOR, FILL IMMEDIATELY AFTER INTERVIEW BASED ON PREVIOUS ANSWERS.",Yes,,Slightly different,Clearly Visible,Cooperative
4-5-2026 20:58:09,1,Gurunanak Stores,Male,45-59,Clothes,"Non-Perishables (e.g., clothes, small electronics, repair services)",Opoosite Apollo Pharmacy (Dunlop),26,Permanent Stall (Pucca/Semi-Pucca structure),2,Yes,Customers kept asking for it,No (Free),6-8,Monthly,3,?100-?500,10,Very Steady (Collections are consistent),NA,NA,3,2,No difference,No difference in saving habits,Stayed the Same,4,Faster with UPI,3-5,0-2,Neutral/Don't care,Never,Cash,"FOR THE SURVEYOR, FILL IMMEDIATELY AFTER INTERVIEW BASED ON PREVIOUS ANSWERS.",Yes,,Slightly different,Clearly Visible,Suspicious
4-5-2026 21:04:23,1,Jeevan snacks chat,Male,45-59,Chat,"Perishables (e.g., fruits, vegetables, cooked food)",Beside Birla opus paints ,40,Mobile Cart (Thela/Rehri),2,Yes,Customers kept asking for it,Yes (monthly rent for device/service),6-8,Daily,3,?20-?100,100,Somewhat Fluctuating,2000,500,",15",12,UPI (Bank record helps),No difference in saving habits,Stayed the Same,4,Slower (due to network/verification),0-2,0-2,"Yes, I am worried",Sometimes,UPI,"FOR THE SURVEYOR, FILL IMMEDIATELY AFTER INTERVIEW BASED ON PREVIOUS ANSWERS.",Yes,,Matches exactly,Clearly Visible,Cooperative
4-5-2026 21:10:52,1,Subho (clothes shop),Male,30-44,Clothes,"Non-Perishables (e.g., clothes, small electronics, repair services)",In front of construction building in the lane,45,Permanent Stall (Pucca/Semi-Pucca structure),2,Yes,"Customers kept asking for it, To avoid the problem of change, Other vendors were using it",No (Free),0-2,Rarely (Less than once a month),3,?100-?500,5-7,Very Unsteady (Collections vary greatly),2500,500,2-3,0,No difference,No difference in saving habits,Declined (20%+ decrease),4,Faster with UPI,9-10,0-2,Neutral/Don't care,Never,Cash,"FOR THE SURVEYOR, FILL IMMEDIATELY AFTER INTERVIEW BASED ON PREVIOUS ANSWERS.",Yes,,Matches exactly,Hidden/Asked for,Distracted
4-5-2026 21:16:51,1,Roy Momo,Male,30-44,Momos,"Perishables (e.g., fruits, vegetables, cooked food)","Besides Happy Cafe and Lounge, Dunlop Bridge",8,Permanent Stall (Pucca/Semi-Pucca structure),2,Yes,"Customers kept asking for it, To avoid the problem of change",No (Free),3-5,Weekly,3,?20-?100,100-150,Somewhat Fluctuating,4000-5000,3000-3500,NA,NA,No difference,"Yes, it helps me save more",Significantly Grown (20%+ increase),4,Faster with UPI,3-5,0-2,"No, I am not worried",Never,UPI,"FOR THE SURVEYOR, FILL IMMEDIATELY AFTER INTERVIEW BASED ON PREVIOUS ANSWERS.",Yes,,Slightly different,Clearly Visible,Cooperative
4-5-2026 21:23:19,1,Rajeev (Minu more),Male,30-44,Clothes,"Non-Perishables (e.g., clothes, small electronics, repair services)",Opposite basak bedding,54,Permanent Stall (Pucca/Semi-Pucca structure),2,Yes,Demonatization,Yes (small charge per sale/transaction),6-8,Rarely (Less than once a month),3,?100-?500,110,Somewhat Fluctuating,50000,15k,50-60,25,UPI (Bank record helps),"Yes, it helps me save more",Significantly Grown (20%+ increase),4,Faster with UPI,0-2,0-2,"No, I am not worried",Never,Both are equally good,"FOR THE SURVEYOR, FILL IMMEDIATELY AFTER INTERVIEW BASED ON PREVIOUS ANSWERS.",Yes,,Slightly different,Clearly Visible,Cooperative
4-5-2026 21:40:44,1,,Male,30-44,clothes,"Perishables (e.g., fruits, vegetables, cooked food)",dunlop block d,80,Permanent Stall (Pucca/Semi-Pucca structure),2,Yes,bank people sent ,No (Free),9-10,Rarely (Less than once a month),3,?100-?500,not collected,Somewhat Fluctuating,mot knoens,not known,2,2,UPI (Bank record helps),No difference in saving habits,Declined (20%+ decrease),4,Faster with UPI,0-2,0-2,"No, I am not worried",Sometimes,Both are equally good,"FOR THE SURVEYOR, FILL IMMEDIATELY AFTER INTERVIEW BASED ON PREVIOUS ANSWERS.",Yes,,Slightly different,Clearly Visible,moderate willingness/not willing to disclose numbers
4-5-2026 21:47:06,1,,Male,45-59,kirana,"Perishables (e.g., fruits, vegetables, cooked food)",beside desi chinese,50,Permanent Stall (Pucca/Semi-Pucca structure),2,Yes,"Customers kept asking for it, To avoid the problem of change, Other vendors were using it",Yes (monthly rent for device/service),6-8,Rarely (Less than once a month),3,?100-?500,40,Somewhat Fluctuating,25000,15000,30,12,UPI (Bank record helps),"Yes, it helps me save more",Stayed the Same,4,Faster with UPI,3-5,3-5,"No, I am not worried",Never,UPI,"FOR THE SURVEYOR, FILL IMMEDIATELY AFTER INTERVIEW BASED ON PREVIOUS ANSWERS.",Yes,,Matches exactly,Clearly Visible,Cooperative
4-8-2026 18:27:30,1,Frank Ross,Male,30-44,Medicine ,"Non-Perishables (e.g., clothes, small electronics, repair services)",GLT Road,7,Permanent Stall (Pucca/Semi-Pucca structure),2,Yes,Customers kept asking for it,No (Free),6-8,Rarely (Less than once a month),3,?20-?100,14,Somewhat Fluctuating,20000,5000,2,2,UPI (Bank record helps),No difference in saving habits,Declined (20%+ decrease),4,Faster with UPI,0-2,0-2,"No, I am not worried",Never,UPI,"FOR THE SURVEYOR, FILL IMMEDIATELY AFTER INTERVIEW BASED ON PREVIOUS ANSWERS.",Yes,,Matches exactly,Hidden/Asked for,Cooperative
4-8-2026 18:31:44,1,Sanku Enterprise,Male,60+,Stationery,"Non-Perishables (e.g., clothes, small electronics, repair services)",Opposite Endeavour Clinic,1974,Permanent Stall (Pucca/Semi-Pucca structure),2,Yes,Customers kept asking for it,No (Free),3-5,Rarely (Less than once a month),3,?20-?100,20,Somewhat Fluctuating,4500,1000,2,,Cash (Physical count is better),No difference in saving habits,Declined (20%+ decrease),4,No change,6-8,0-2,"Yes, I am worried",Never,Cash,"FOR THE SURVEYOR, FILL IMMEDIATELY AFTER INTERVIEW BASED ON PREVIOUS ANSWERS.",Yes,No (Potential perception bias),Slightly different,Hidden/Asked for,Cooperative
4-8-2026 18:38:49,1,Nilima Variety ,Male,18-29,"Dolls , perfume , gift items ","Non-Perishables (e.g., clothes, small electronics, repair services)",GLT road near RSM,7,Permanent Stall (Pucca/Semi-Pucca structure),2,Yes,Customers kept asking for it,No (Free),6-8,Rarely (Less than once a month),3,?100-?500,NA,Very Unsteady (Collections vary greatly),NA,NA,7,4,UPI (Bank record helps),"Yes, it helps me save more",Significantly Grown (20%+ increase),4,Faster with UPI,3-5,0-2,"Yes, I am worried",Never,UPI,"FOR THE SURVEYOR, FILL IMMEDIATELY AFTER INTERVIEW BASED ON PREVIOUS ANSWERS.",Yes,,Slightly different,Clearly Visible,Cooperative
4-8-2026 18:42:58,1,Parota sa hop,Female,60+,"Cigarette,tea,parota","Perishables (e.g., fruits, vegetables, cooked food)",Near Rsm,15 yrs,Permanent Stall (Pucca/Semi-Pucca structure),2,No,No upi,No (Free),0-2,Rarely (Less than once a month),3,?20-?100,50,Very Steady (Collections are consistent),Not given,Not given,7-8,0,No difference,No difference in saving habits,Significantly Grown (20%+ increase),4,No change,9-10,No upi,Neutral/Don't care,Never,Cash,"FOR THE SURVEYOR, FILL IMMEDIATELY AFTER INTERVIEW BASED ON PREVIOUS ANSWERS.",Yes,No (Potential perception bias),Matches exactly,None found (Vendor stated they don't accept UPI),Cooperative
4-8-2026 18:49:01,1,Prakash shaw,Male,45-59,Packed food items (chips etc),"Perishables (e.g., fruits, vegetables, cooked food)",Opposite to m/s oriental music,7,Permanent Stall (Pucca/Semi-Pucca structure),2,Yes,Customers kept asking for it,Yes (monthly rent for device/service),6-8,Rarely (Less than once a month),3,?20-?100,12,Somewhat Fluctuating,4000,500,3,,Cash (Physical count is better),No difference in saving habits,Stayed the Same,4,,0-2,0-2,"Yes, I am worried",,Cash,"FOR THE SURVEYOR, FILL IMMEDIATELY AFTER INTERVIEW BASED ON PREVIOUS ANSWERS.",Yes,,Slightly different,Clearly Visible,Cooperative
4-8-2026 18:51:53,1,Hap daily,Male,30-44,"Ice cream, chocolate ","Perishables (e.g., fruits, vegetables, cooked food)",GLT road near RSM,1,Permanent Stall (Pucca/Semi-Pucca structure),2,Yes,Customers kept asking for it,No (Free),6-8,Rarely (Less than once a month),3,?20-?100,50,Somewhat Fluctuating,20000,5000,5,2,UPI (Bank record helps),No difference in saving habits,Stayed the Same,4,Faster with UPI,0-2,0-2,Neutral/Don't care,Never,UPI,"FOR THE SURVEYOR, FILL IMMEDIATELY AFTER INTERVIEW BASED ON PREVIOUS ANSWERS.",Yes,,Slightly different,Clearly Visible,Cooperative
4-8-2026 19:00:38,1,Unique Creations,Male,30-44,"Plastic Items, Gift Items","Non-Perishables (e.g., clothes, small electronics, repair services)",Opposite to 12 No. Ward Gate,5,Permanent Stall (Pucca/Semi-Pucca structure),2,Yes,,Yes (monthly rent for device/service),9-10,Rarely (Less than once a month),3,?100-?500,40,Very Steady (Collections are consistent),22000,9000,3,3,UPI (Bank record helps),"Yes, it helps me save more",Declined (20%+ decrease),4,Faster with UPI,0-2,0-2,"Yes, I am worried",Never,UPI,"FOR THE SURVEYOR, FILL IMMEDIATELY AFTER INTERVIEW BASED ON PREVIOUS ANSWERS.",Yes,No (Potential perception bias),Slightly different,Clearly Visible,Cooperative
4-8-2026 19:02:06,1,KC Ghosh,Male,45-59,Sweets,"Perishables (e.g., fruits, vegetables, cooked food)",Deshbandhu road,35,Permanent Stall (Pucca/Semi-Pucca structure),2,Yes,Customers kept asking for it,,9-10,Rarely (Less than once a month),3,Below ?20,25,Very Steady (Collections are consistent),NA,NA,7,7,UPI (Bank record helps),"Yes, it helps me save more",Stayed the Same,4,Faster with UPI,9-10,0-2,"No, I am not worried",Never,UPI,"FOR THE SURVEYOR, FILL IMMEDIATELY AFTER INTERVIEW BASED ON PREVIOUS ANSWERS.",Yes,,Matches exactly,Clearly Visible,Cooperative
4-8-2026 19:17:45,1,,Male,30-44, kirana,"Perishables (e.g., fruits, vegetables, cooked food)",Deshbandhu road,20,Permanent Stall (Pucca/Semi-Pucca structure),2,Yes,Customers kept asking for it,No (Free),6-8,Monthly,3,Below ?20,100,Somewhat Fluctuating,5000,3000,6,2,UPI (Bank record helps),No difference in saving habits,Significantly Grown (20%+ increase),4,Faster with UPI,3-5,3-5,"Yes, I am worried",Sometimes,Cash,"FOR THE SURVEYOR, FILL IMMEDIATELY AFTER INTERVIEW BASED ON PREVIOUS ANSWERS.",Yes,,Matches exactly,Clearly Visible,Cooperative
4-8-2026 19:37:50,1,,Male,45-59,Vegetables ,"Perishables (e.g., fruits, vegetables, cooked food)",Deshbandhu road,22,Pavement (Sitting on ground or temporary mat/sheet),2,No,,,,,3,Below ?20,100,Somewhat Fluctuating,12000,5000,5,,,,Declined (20%+ decrease),4,,,0-2,,,Cash,"FOR THE SURVEYOR, FILL IMMEDIATELY AFTER INTERVIEW BASED ON PREVIOUS ANSWERS.",,,Matches exactly,None found (Vendor stated they don't accept UPI),Cooperative
4-8-2026 19:52:55,1,Maa bhabatarini enterprises ,Male,45-59,Hardware ,"Non-Perishables (e.g., clothes, small electronics, repair services)",Deshbandhu road,14,Permanent Stall (Pucca/Semi-Pucca structure),2,Yes,Customers kept asking for it,No (Free),3-5,Rarely (Less than once a month),3,?100-?500,NA,Somewhat Fluctuating,NA,NA,0,0,No difference,No difference in saving habits,Declined (20%+ decrease),4,No change,6-8,0-2,"No, I am not worried",Never,Both are equally good,"FOR THE SURVEYOR, FILL IMMEDIATELY AFTER INTERVIEW BASED ON PREVIOUS ANSWERS.",Yes,,Matches exactly,Hidden/Asked for,Cooperative
4-8-2026 20:02:07,1,Tara maa hotel,Male,45-59,Roti,"Perishables (e.g., fruits, vegetables, cooked food)",Deshbandhu road ,27,Permanent Stall (Pucca/Semi-Pucca structure),2,Yes,"Customers kept asking for it, To avoid the problem of change",Yes (monthly rent for device/service),3-5,Rarely (Less than once a month),3,Below ?20,100,Somewhat Fluctuating,NA,NA,5,1,UPI (Bank record helps),No difference in saving habits,Declined (20%+ decrease),4,Faster with UPI,3-5,0-2,"Yes, I am worried",Never,Cash,"FOR THE SURVEYOR, FILL IMMEDIATELY AFTER INTERVIEW BASED ON PREVIOUS ANSWERS.",,,Slightly different,Clearly Visible,Cooperative
4-8-2026 20:08:06,1,Ruposhi Bangla,Male,30-44,Fast Food,"Perishables (e.g., fruits, vegetables, cooked food)",Opposite to NABH Club,5,Permanent Stall (Pucca/Semi-Pucca structure),2,Yes,,Yes (monthly rent for device/service),6-8,Rarely (Less than once a month),3,?100-?500,50,Very Steady (Collections are consistent),20000,6000,8,,UPI (Bank record helps),,Declined (20%+ decrease),4,Faster with UPI,6-8,0-2,"No, I am not worried",,UPI,"FOR THE SURVEYOR, FILL IMMEDIATELY AFTER INTERVIEW BASED ON PREVIOUS ANSWERS.",Yes,No (Potential perception bias),Matches exactly,Clearly Visible,Cooperative
4-8-2026 22:36:20,1,Taste N Bite,Female,60+,"Cake, Pastry, Patties(Confectionery)","Perishables (e.g., fruits, vegetables, cooked food)",GLT Road,5,Permanent Stall (Pucca/Semi-Pucca structure),2,Yes,Other vendors were using it,No (Free),6-8,Rarely (Less than once a month),3,?20-?100,75,Somewhat Fluctuating,7500,1500,4,3,,,Stayed the Same,4,Faster with UPI,3-5,0-2,,,Both are equally good,"FOR THE SURVEYOR, FILL IMMEDIATELY AFTER INTERVIEW BASED ON PREVIOUS ANSWERS.",Yes,,Matches exactly,Clearly Visible,Owner of shop absent
4-8-2026 22:41:13,1,,Female,18-29,"Diesel, Petrol, Grease","Non-Perishables (e.g., clothes, small electronics, repair services)",GLT Road,0(2 weeks),Permanent Stall (Pucca/Semi-Pucca structure),2,Yes,"Other vendors were using it, New shop",No (Free),9-10,Weekly,3,?100-?500,10-12,Somewhat Fluctuating,5000,1250,1,1,,,Stayed the Same,4,,0-2,0-2,"No, I am not worried",,UPI,"FOR THE SURVEYOR, FILL IMMEDIATELY AFTER INTERVIEW BASED ON PREVIOUS ANSWERS.",Yes,,Matches exactly,Hidden/Asked for,Cooperative
4-8-2026 22:46:45,1,Sagarika Stores,Male,30-44,"Groceries, Cold Drinks, Ice cream","Perishables (e.g., fruits, vegetables, cooked food)",GLT Road,65,Permanent Stall (Pucca/Semi-Pucca structure),2,Yes,Other vendors were using it,Yes (small charge per sale/transaction),3-5,Rarely (Less than once a month),3,?20-?100,250,Somewhat Fluctuating,25000,7000,30,14,,,Stayed the Same,4,,3-5,0-2,,Never,Both are equally good,"FOR THE SURVEYOR, FILL IMMEDIATELY AFTER INTERVIEW BASED ON PREVIOUS ANSWERS.",Yes,,Matches exactly,Clearly Visible,Cooperative
4-8-2026 22:50:48,1,Ghosh Varieties,Male,45-59,Stationary,"Non-Perishables (e.g., clothes, small electronics, repair services)",GLT Road (not in the main road),25,Permanent Stall (Pucca/Semi-Pucca structure),2,Yes,"Customers kept asking for it, Other vendors were using it",No (Free),0-2,Rarely (Less than once a month),3,Below ?20,40,Somewhat Fluctuating,2000,600,4,0,,,Stayed the Same,4,,9-10,0-2,,,Both are equally good,"FOR THE SURVEYOR, FILL IMMEDIATELY AFTER INTERVIEW BASED ON PREVIOUS ANSWERS.",Yes,,Matches exactly,Clearly Visible,Suspicious
4-8-2026 22:53:22,1,Softech Electronics,Male,18-29,Electronics Distributor ,"Non-Perishables (e.g., clothes, small electronics, repair services)",BT Road and GLT Intersection ,3,Permanent Stall (Pucca/Semi-Pucca structure),2,Yes,,No (Free),6-8,Rarely (Less than once a month),3,?100-?500,20,Somewhat Fluctuating,3000,400,0,,,,Declined (20%+ decrease),4,,6-8,0-2,Neutral/Don't care,,Cash,"FOR THE SURVEYOR, FILL IMMEDIATELY AFTER INTERVIEW BASED ON PREVIOUS ANSWERS.",,,Matches exactly,Clearly Visible,Cooperative
4-8-2026 22:55:42,1,,Male,18-29,Clothes,"Non-Perishables (e.g., clothes, small electronics, repair services)",GLT Road,7,Permanent Stall (Pucca/Semi-Pucca structure),2,Yes,Other vendors were using it,Yes (monthly rent for device/service),6-8,Monthly,3,?100-?500,6-7,Very Unsteady (Collections vary greatly),10000,500,0,0,,,Stayed the Same,4,,3-5,0-2,,,UPI,"FOR THE SURVEYOR, FILL IMMEDIATELY AFTER INTERVIEW BASED ON PREVIOUS ANSWERS.",Yes,,Slightly different,Clearly Visible,Cooperative
4-8-2026 23:00:30,1,,Male,45-59,Chicken,"Perishables (e.g., fruits, vegetables, cooked food)",GLT Road,6,Pavement (Sitting on ground or temporary mat/sheet),2,Yes,,No (Free),6-8,Monthly,3,?100-?500,60,Very Unsteady (Collections vary greatly),60000,5000,6,4,,,Stayed the Same,4,,3-5,0-2,,,Cash,"FOR THE SURVEYOR, FILL IMMEDIATELY AFTER INTERVIEW BASED ON PREVIOUS ANSWERS.",Yes,,Slightly different,Hidden/Asked for,Cooperative
4-8-2026 23:02:10,1,New Eye Vision,Male,30-44,Spectacles,"Non-Perishables (e.g., clothes, small electronics, repair services)",Baine Hospital,12,Permanent Stall (Pucca/Semi-Pucca structure),2,Yes,Customers kept asking for it,No (Free),,,3,3000,8,Very Unsteady (Collections vary greatly),20000,2000,1,,UPI (Bank record helps),No difference in saving habits,Declined (20%+ decrease),4,,0-2,0-2,"Yes, I am worried",Never,Cash,"FOR THE SURVEYOR, FILL IMMEDIATELY AFTER INTERVIEW BASED ON PREVIOUS ANSWERS.",Yes,,Matches exactly,Clearly Visible,Cooperative
4-8-2026 23:05:24,1,,Female,30-44,Wallpaper,"Non-Perishables (e.g., clothes, small electronics, repair services)",GLT Road,0(4 months),Permanent Stall (Pucca/Semi-Pucca structure),2,Yes,"Other vendors were using it, New shop",Yes (small charge per sale/transaction),6-8,,3,>1500,2,Somewhat Fluctuating,12000,0,0,0,,,Stayed the Same,4,,3-5,0-2,,,UPI,"FOR THE SURVEYOR, FILL IMMEDIATELY AFTER INTERVIEW BASED ON PREVIOUS ANSWERS.",Yes,,Slightly different,Hidden/Asked for,Cooperative
4-8-2026 23:09:25,1,Medicine World,Male,60+,Medicine,"Perishables (e.g., fruits, vegetables, cooked food)",GLT Road,>50,Permanent Stall (Pucca/Semi-Pucca structure),2,Yes,"Customers kept asking for it, To avoid the problem of change",Yes (monthly rent for device/service),9-10,Weekly,3,?20-?100,65,Somewhat Fluctuating,7000,4500,6,5,,,Stayed the Same,4,No change,0-2,0-2,,Often,UPI,"FOR THE SURVEYOR, FILL IMMEDIATELY AFTER INTERVIEW BASED ON PREVIOUS ANSWERS.",Yes,,Slightly different,Clearly Visible,Cooperative
4-8-2026 23:12:56,1,Das Medical Stores,Male,60+,Medicines,"Perishables (e.g., fruits, vegetables, cooked food)",Medicines,37,Permanent Stall (Pucca/Semi-Pucca structure),2,Yes,Customers kept asking for it,Yes (monthly rent for device/service),0-2,Weekly,3,?100-?500,40,Very Steady (Collections are consistent),35000,20000,8,0,Cash (Physical count is better),,Declined (20%+ decrease),4,,9-10,0-2,"Yes, I am worried",Never,Cash,"FOR THE SURVEYOR, FILL IMMEDIATELY AFTER INTERVIEW BASED ON PREVIOUS ANSWERS.",Yes,Yes,Matches exactly,Clearly Visible,Cooperative
4-8-2026 23:15:02,1,,Male,30-44,"Packaged food(Chips, Biscuits, etc)","Perishables (e.g., fruits, vegetables, cooked food)",GLT Road(not in main road),5,Permanent Stall (Pucca/Semi-Pucca structure),2,Yes,"To avoid the problem of change, He supports using UPI",No (Free),0-2,Rarely (Less than once a month),3,?20-?100,60,Somewhat Fluctuating,4000,2000,4,0,,,Stayed the Same,4,Faster with UPI,9-10,0-2,,Never,UPI,"FOR THE SURVEYOR, FILL IMMEDIATELY AFTER INTERVIEW BASED ON PREVIOUS ANSWERS.",Yes,,Matches exactly,Clearly Visible,Cooperative
4-8-2026 23:16:48,1,,Male,60+,"Bread, Chips, Ice cream","Perishables (e.g., fruits, vegetables, cooked food)",Near Baine Hospital,25,Permanent Stall (Pucca/Semi-Pucca structure),2,Yes,,No (Free),6-8,Rarely (Less than once a month),3,?20-?100,30,Very Steady (Collections are consistent),3000,500,6,2,,,Declined (20%+ decrease),4,,0-2,0-2,"No, I am not worried",Never,Both are equally good,"FOR THE SURVEYOR, FILL IMMEDIATELY AFTER INTERVIEW BASED ON PREVIOUS ANSWERS.",Yes,No (Potential perception bias),Slightly different,Clearly Visible,Cooperative
4-8-2026 23:21:02,1,,Male,60+,Groceries,"Perishables (e.g., fruits, vegetables, cooked food)",GLT Road,30,Permanent Stall (Pucca/Semi-Pucca structure),2,No,,,0-2,,3,?20-?100,100,Somewhat Fluctuating,12000,3000,12,0,,,Stayed the Same,4,,9-10,0-2,,,Cash,"FOR THE SURVEYOR, FILL IMMEDIATELY AFTER INTERVIEW BASED ON PREVIOUS ANSWERS.",Yes,,Matches exactly,None found (Vendor stated they don't accept UPI),Distracted
4-9-2026 13:09:50,1,Sajal,Male,60+,"Tea, Cigarette","Perishables (e.g., fruits, vegetables, cooked food)",Beside geology gate,35,Permanent Stall (Pucca/Semi-Pucca structure),2,No,,,,,3,Below ?20,50,Very Steady (Collections are consistent),1500,1200,3,,,,Declined (20%+ decrease),4,,,0-2,,,Cash,"FOR THE SURVEYOR, FILL IMMEDIATELY AFTER INTERVIEW BASED ON PREVIOUS ANSWERS.",,,Matches exactly,None found (Vendor stated they don't accept UPI),Suspicious
4-9-2026 13:18:44,1,Rajen Mahapatra,Male,60+,"Water, choclate, chips,","Perishables (e.g., fruits, vegetables, cooked food)",Opposite side of deluxe garden,50 years +,Permanent Stall (Pucca/Semi-Pucca structure),2,Yes,"Customers kept asking for it, To avoid the problem of change",Yes (monthly rent for device/service),9-10,Weekly,3,Below ?20,60,Somewhat Fluctuating,750,500,15,11,UPI (Bank record helps),No difference in saving habits,Significantly Grown (20%+ increase),4,Faster with UPI,3-5,3-5,"No, I am not worried",Never,Cash,"FOR THE SURVEYOR, FILL IMMEDIATELY AFTER INTERVIEW BASED ON PREVIOUS ANSWERS.",Yes,Yes,Slightly different,Clearly Visible,Cooperative
4-9-2026 13:30:07,1,Dava india pharmacy,Male,18-29,Medicines,"Perishables (e.g., fruits, vegetables, cooked food)",Beside ISI quarter,9 am - 10 pm (tuesday off),Permanent Stall (Pucca/Semi-Pucca structure),2,Yes,"Customers kept asking for it, To avoid the problem of change",Yes (monthly rent for device/service),9-10,Rarely (Less than once a month),3,?20-?100,60-70,Very Steady (Collections are consistent),3000-4000,2200-2500,4,3,UPI (Bank record helps),"Yes, it helps me save more",Significantly Grown (20%+ increase),4,Faster with UPI,0-2,0-2,Neutral/Don't care,Never,UPI,"FOR THE SURVEYOR, FILL IMMEDIATELY AFTER INTERVIEW BASED ON PREVIOUS ANSWERS.",Yes,No (Potential perception bias),Slightly different,Clearly Visible,Cooperative
4-9-2026 13:37:46,1,,Male,30-44,"Chips, pan masala, biscuit, cold drinks, water ","Perishables (e.g., fruits, vegetables, cooked food)","GLT road, Dunlop",5 years,Permanent Stall (Pucca/Semi-Pucca structure),2,Yes,To avoid the problem of change,Yes (monthly rent for device/service),6-8,Monthly,3,Below ?20,20-30,Somewhat Fluctuating,700-800,500,10,8,UPI (Bank record helps),"Yes, it helps me save more",Stayed the Same,4,Faster with UPI,0-2,0-2,"No, I am not worried",Never,UPI,"FOR THE SURVEYOR, FILL IMMEDIATELY AFTER INTERVIEW BASED ON PREVIOUS ANSWERS.",Yes,No (Potential perception bias),Slightly different,Clearly Visible,Distracted
4-9-2026 13:47:33,1,,Male,18-29,Pet shop,"Perishables (e.g., fruits, vegetables, cooked food)",Dunlop glt,4 years,Permanent Stall (Pucca/Semi-Pucca structure),2,Yes,,,3-5,Rarely (Less than once a month),3,?20-?100,13,Somewhat Fluctuating,1000,600,0,0,No difference,No difference in saving habits,Stayed the Same,4,No change,3-5,0-2,"No, I am not worried",Never,Both are equally good,"FOR THE SURVEYOR, FILL IMMEDIATELY AFTER INTERVIEW BASED ON PREVIOUS ANSWERS.",Yes,Yes,Matches exactly,Clearly Visible,Cooperative
4-9-2026 14:43:52,1,,Male,30-44,Medicine,"Non-Perishables (e.g., clothes, small electronics, repair services)",glt road ,10 year,Permanent Stall (Pucca/Semi-Pucca structure),2,Yes,Other vendors were using it,No (Free),6-8,Rarely (Less than once a month),3,?100-?500,60-70,Very Steady (Collections are consistent),5000+,<2000,5,5,UPI (Bank record helps),"Yes, it helps me save more",Stayed the Same,4,Slower (due to network/verification),0-2,0-2,Neutral/Don't care,Never,Both are equally good,"FOR THE SURVEYOR, FILL IMMEDIATELY AFTER INTERVIEW BASED ON PREVIOUS ANSWERS.",Yes,No (Potential perception bias),Slightly different,Clearly Visible,Cooperative
4-9-2026 15:32:40,1,,Male,30-44,stationary items + xerox shop,"Non-Perishables (e.g., clothes, small electronics, repair services)",glt road (near isi back gate),10 years,Permanent Stall (Pucca/Semi-Pucca structure),2,Yes,Other vendors were using it,No (Free),6-8,Monthly,3,20-150,50-60,Somewhat Fluctuating,2500-3000,<1000,3,0,No difference,No difference in saving habits,Declined (20%+ decrease),4,No change,3-5,0-2,Neutral/Don't care,Never,Cash,"FOR THE SURVEYOR, FILL IMMEDIATELY AFTER INTERVIEW BASED ON PREVIOUS ANSWERS.",Yes,Yes,Major contradiction,Hidden/Asked for,Distracted
4-9-2026 17:24:15,1,,Male,30-44,Velphuri-alukabli-papdi chat,"Perishables (e.g., fruits, vegetables, cooked food)",Near dunlop more,15 year,Mobile Cart (Thela/Rehri),2,No,,,,,3,?20-?100,35-40,Somewhat Fluctuating,1500,500-600,9,,,,Declined (20%+ decrease),4,,,3-5,,,Cash,"FOR THE SURVEYOR, FILL IMMEDIATELY AFTER INTERVIEW BASED ON PREVIOUS ANSWERS.",,,Matches exactly,None found (Vendor stated they don't accept UPI),Cooperative
4-9-2026 19:31:58,1,Tarak Dey,Male,60+,Snacks ,"Perishables (e.g., fruits, vegetables, cooked food)",Near ISI gate 205,55,Permanent Stall (Pucca/Semi-Pucca structure),2,Yes,"He don't use UPI , his son works here everyday for 2-3hr and he uses UPI from his phone ",No (Free),0-2,Rarely (Less than once a month),3,?20-?100,40-45,Somewhat Fluctuating,3k,1.5k,5-6,1-2,Cash (Physical count is better),No (I withdraw it immediately),Stayed the Same,4,Faster with UPI,0-2,3-5,"No, I am not worried",,Cash,"FOR THE SURVEYOR, FILL IMMEDIATELY AFTER INTERVIEW BASED ON PREVIOUS ANSWERS.",No (Flag for data cleaning),Yes,Major contradiction,None found (Vendor stated they don't accept UPI),Cooperative
4-9-2026 19:33:16,1,Ram Yadav,Male,45-59,Tea and snacks ,"Perishables (e.g., fruits, vegetables, cooked food)",Bonhoogly signal,44,Permanent Stall (Pucca/Semi-Pucca structure),2,Yes,Customers kept asking for it,Yes (monthly rent for device/service),3-5,Weekly,3,?20-?100,50,Somewhat Fluctuating,700,100,10,5,No difference,"Yes, it helps me save more",Declined (20%+ decrease),4,Faster with UPI,6-8,0-2,"No, I am not worried",Never,Both are equally good,"FOR THE SURVEYOR, FILL IMMEDIATELY AFTER INTERVIEW BASED ON PREVIOUS ANSWERS.",Yes,Yes,Matches exactly,Clearly Visible,Cooperative
4-9-2026 19:34:22,1,Ramesh kumar,Male,30-44,General snacks,"Perishables (e.g., fruits, vegetables, cooked food)",Bonhoogly signal,5 years,Permanent Stall (Pucca/Semi-Pucca structure),2,Yes,Customers kept asking for it,,3-5,Weekly,3,?20-?100,150-200,Somewhat Fluctuating,2000,1000-1200,15,5,Cash (Physical count is better),"Yes, it helps me save more",Stayed the Same,4,Faster with UPI,6-8,NA,Neutral/Don't care,Sometimes,Both are equally good,"FOR THE SURVEYOR, FILL IMMEDIATELY AFTER INTERVIEW BASED ON PREVIOUS ANSWERS.",Yes,,Matches exactly,Clearly Visible,Cooperative
4-9-2026 19:39:43,1,Akash Yadav,Male,18-29,Cooked meals,"Perishables (e.g., fruits, vegetables, cooked food)",Bonhoogly signal ,27,Permanent Stall (Pucca/Semi-Pucca structure),2,Yes,Customers kept asking for it,Yes (monthly rent for device/service),6-8,Rarely (Less than once a month),3,?20-?100,25,Somewhat Fluctuating,700,100,10,5,Cash (Physical count is better),No (I withdraw it immediately),Declined (20%+ decrease),4,Faster with UPI,3-5,3-5,"No, I am not worried",Never,Cash,"FOR THE SURVEYOR, FILL IMMEDIATELY AFTER INTERVIEW BASED ON PREVIOUS ANSWERS.",Yes,Yes,Slightly different,Clearly Visible,Cooperative
4-9-2026 19:49:31,1,Dilip,Male,45-59,Musical instruments ,"Perishables (e.g., fruits, vegetables, cooked food)",Rsm,42,Permanent Stall (Pucca/Semi-Pucca structure),2,Yes,Customers kept asking for it,Yes (small charge per sale/transaction),3-5,Monthly,3,?100-?500,8,Somewhat Fluctuating,2000,700,2,1,Cash (Physical count is better),No difference in saving habits,Declined (20%+ decrease),4,Faster with UPI,6-8,0-2,"No, I am not worried",Never,Cash,"FOR THE SURVEYOR, FILL IMMEDIATELY AFTER INTERVIEW BASED ON PREVIOUS ANSWERS.",Yes,Yes,Matches exactly,Clearly Visible,Suspicious
4-9-2026 19:49:57,1,Shefali Porey,Female,60+,Grocery ,"Perishables (e.g., fruits, vegetables, cooked food)","Backside of ISIK, ghosh street ",30 years,Permanent Stall (Pucca/Semi-Pucca structure),2,Yes,Customers kept asking for it,No (Free),0-2,Rarely (Less than once a month),3,?20-?100,15-20,Somewhat Fluctuating,2.5k-3k,1k-1.5k,2-3,0,Cash (Physical count is better),No (I withdraw it immediately),Stayed the Same,4,Slower (due to network/verification),6-8,0-2,"No, I am not worried",Sometimes,Cash,"FOR THE SURVEYOR, FILL IMMEDIATELY AFTER INTERVIEW BASED ON PREVIOUS ANSWERS.",Yes,,Major contradiction,Hidden/Asked for,Cooperative
4-9-2026 20:09:07,1,Banik bandar,Male,60+,Grocery ,"Perishables (e.g., fruits, vegetables, cooked food)",Opposite to shreeguru,20,Permanent Stall (Pucca/Semi-Pucca structure),2,Yes,"Customers kept asking for it, Other vendors were using it",Yes (monthly rent for device/service),3-5,Weekly,3,?20-?100,60,Somewhat Fluctuating,500,100,10,5,Cash (Physical count is better),No difference in saving habits,Declined (20%+ decrease),4,Faster with UPI,6-8,0-2,"No, I am not worried",Sometimes,Cash,"FOR THE SURVEYOR, FILL IMMEDIATELY AFTER INTERVIEW BASED ON PREVIOUS ANSWERS.",Yes,,Matches exactly,Clearly Visible,Distracted
4-9-2026 20:13:58,1,Nilesh Datta,Male,30-44,Hotel food item (lunch and dinner),"Perishables (e.g., fruits, vegetables, cooked food)","Backside of ISIK, GLT Road",3 months ,Permanent Stall (Pucca/Semi-Pucca structure),2,Yes,Customers kept asking for it,Yes (small charge per sale/transaction),3-5,Rarely (Less than once a month),3,?20-?100,40-50,Very Steady (Collections are consistent),2k-3k,500-1k,8-10,4-5,Cash (Physical count is better),No (I withdraw it immediately),Stayed the Same,4,Faster with UPI,6-8,0-2,"Yes, I am worried",Never,Cash,"FOR THE SURVEYOR, FILL IMMEDIATELY AFTER INTERVIEW BASED ON PREVIOUS ANSWERS.",Yes,,Slightly different,Hidden/Asked for,Cooperative
4-9-2026 20:21:21,1,Pravir karmakar,Male,45-59,Photo studio,"Non-Perishables (e.g., clothes, small electronics, repair services)",Glt road,72 years,Permanent Stall (Pucca/Semi-Pucca structure),2,Yes,Customers kept asking for it,Yes (monthly rent for device/service),3-5,Weekly,3,?20-?100,25,Very Steady (Collections are consistent),1000,400,5,2,Cash (Physical count is better),"Yes, it helps me save more",Stayed the Same,4,Faster with UPI,6-8,0-2,"No, I am not worried",Sometimes,Cash,"FOR THE SURVEYOR, FILL IMMEDIATELY AFTER INTERVIEW BASED ON PREVIOUS ANSWERS.",Yes,No (Potential perception bias),Matches exactly,Clearly Visible,Cooperative
4-9-2026 20:25:16,1,Tanushree Sen,Female,45-59,Service (Male and female saloon),"Non-Perishables (e.g., clothes, small electronics, repair services)","Backside of ISIK, GLT ",25 years ,Permanent Stall (Pucca/Semi-Pucca structure),2,Yes,Customers kept asking for it,Yes (small charge per sale/transaction),6-8,Rarely (Less than once a month),3,2k,10,Very Unsteady (Collections vary greatly),15k,7k,0,0,UPI (Bank record helps),"Yes, it helps me save more",Stayed the Same,4,Faster with UPI,0-2,0-2,"No, I am not worried",Never,UPI,"FOR THE SURVEYOR, FILL IMMEDIATELY AFTER INTERVIEW BASED ON PREVIOUS ANSWERS.",Yes,,Major contradiction,Clearly Visible,Cooperative
4-9-2026 20:28:43,1,Nishant,Male,30-44,Hardware,"Non-Perishables (e.g., clothes, small electronics, repair services)",Glt road,12 years,Permanent Stall (Pucca/Semi-Pucca structure),2,No,,,,,3,1000,7-8,Somewhat Fluctuating,20000,4000,0,,Cash (Physical count is better),,Significantly Grown (20%+ increase),4,,,0-2,,,Cash,"FOR THE SURVEYOR, FILL IMMEDIATELY AFTER INTERVIEW BASED ON PREVIOUS ANSWERS.",,,Matches exactly,None found (Vendor stated they don't accept UPI),Cooperative
4-9-2026 20:39:21,1,Susovan Paul,Male,30-44,Service (jewellers),"Non-Perishables (e.g., clothes, small electronics, repair services)","Backside of ISIK, GLT ",1 years ,Permanent Stall (Pucca/Semi-Pucca structure),2,Yes,Customers kept asking for it,Yes (monthly rent for device/service),6-8,Rarely (Less than once a month),3,3k-5k,1-2,Very Steady (Collections are consistent),2 lakh ,3.5k,0,0,UPI (Bank record helps),No (I withdraw it immediately),Stayed the Same,4,Faster with UPI,6-8,0,"No, I am not worried",Never,UPI,"FOR THE SURVEYOR, FILL IMMEDIATELY AFTER INTERVIEW BASED ON PREVIOUS ANSWERS.",No (Flag for data cleaning),,Major contradiction,Clearly Visible,Distracted
4-9-2026 20:40:23,1,Chandan interior,Male,18-29,Interior ,"Non-Perishables (e.g., clothes, small electronics, repair services)",GLT road,6,Permanent Stall (Pucca/Semi-Pucca structure),2,Yes,"Customers kept asking for it, To avoid the problem of change, Other vendors were using it",Yes (small charge per sale/transaction),6-8,Rarely (Less than once a month),3,Above 500,10,Somewhat Fluctuating,3000,700,2,2,UPI (Bank record helps),"Yes, it helps me save more",Significantly Grown (20%+ increase),4,Faster with UPI,3-5,0-2,Neutral/Don't care,Sometimes,UPI,"FOR THE SURVEYOR, FILL IMMEDIATELY AFTER INTERVIEW BASED ON PREVIOUS ANSWERS.",Yes,,Major contradiction,Clearly Visible,Cooperative
4-9-2026 20:53:52,1,Sanjay Chaudhary ,Male,30-44,Goods ( Musical Instruments),"Non-Perishables (e.g., clothes, small electronics, repair services)","Backside of ISIK, GLT ",50 years ,Permanent Stall (Pucca/Semi-Pucca structure),2,Yes,Customers kept asking for it,No (Free),6-8,Rarely (Less than once a month),3,10k,1-3,Very Unsteady (Collections vary greatly),Nil,Nil,0,0,UPI (Bank record helps),"Yes, it helps me save more",Stayed the Same,4,Faster with UPI,0-2,0-2,"No, I am not worried",Never,UPI,"FOR THE SURVEYOR, FILL IMMEDIATELY AFTER INTERVIEW BASED ON PREVIOUS ANSWERS.",Yes,,Major contradiction,Clearly Visible,Not much cooperative 
4-9-2026 20:54:28,1,Oriental music,Male,30-44,Musical Instruments ,"Non-Perishables (e.g., clothes, small electronics, repair services)",Glt Road,50,Permanent Stall (Pucca/Semi-Pucca structure),2,Yes,Customers kept asking for it,Yes (monthly rent for device/service),6-8,Rarely (Less than once a month),3,?100-?500,6,Somewhat Fluctuating,2500,500,1,1,Cash (Physical count is better),No difference in saving habits,Stayed the Same,4,,6-8,0-2,Neutral/Don't care,Never,Cash,"FOR THE SURVEYOR, FILL IMMEDIATELY AFTER INTERVIEW BASED ON PREVIOUS ANSWERS.",Yes,,Slightly different,Clearly Visible,Distracted
4-9-2026 21:05:15,1,Pradeep Pandey ,Male,45-59,Goods ( Paints and plywood),"Non-Perishables (e.g., clothes, small electronics, repair services)","Backside of ISIK, GLT ",20 years ,Permanent Stall (Pucca/Semi-Pucca structure),2,Yes,Customers kept asking for it,Yes (monthly rent for device/service),3-5,Rarely (Less than once a month),3,2k-3k,30-35,Somewhat Fluctuating,5k,1k,4-5,3-4,UPI (Bank record helps),No difference in saving habits,Stayed the Same,4,Faster with UPI,3-5,0,"No, I am not worried",Never,UPI,"FOR THE SURVEYOR, FILL IMMEDIATELY AFTER INTERVIEW BASED ON PREVIOUS ANSWERS.",Yes,,Slightly different,Clearly Visible,Cooperative
4-9-2026 21:33:23,1,Moner swad,Male,30-44,Pasteries and snakes,"Perishables (e.g., fruits, vegetables, cooked food)",Near Bonhoogly lake,1,Permanent Stall (Pucca/Semi-Pucca structure),2,Yes,"Customers kept asking for it, Other vendors were using it",Yes (monthly rent for device/service),6-8,Rarely (Less than once a month),3,?20-?100,30,Somewhat Fluctuating,5000(revenue)denied sharing profit,1000,8,6,UPI (Bank record helps),"Yes, it helps me save more",Stayed the Same,4,Faster with UPI,3-5,0-2,"No, I am not worried",Sometimes,UPI,"FOR THE SURVEYOR, FILL IMMEDIATELY AFTER INTERVIEW BASED ON PREVIOUS ANSWERS.",Yes,,Slightly different,Clearly Visible,Cooperative
4-9-2026 21:54:49,1,Sutirtha dey,Male,30-44,Ice cream,"Perishables (e.g., fruits, vegetables, cooked food)",Bonhoogly ,3,Permanent Stall (Pucca/Semi-Pucca structure),2,Yes,Customers kept asking for it,Yes (monthly rent for device/service),6-8,Rarely (Less than once a month),3,?20-?100,70,Somewhat Fluctuating,4000,1500,15,12,UPI (Bank record helps),"Yes, it helps me save more",Significantly Grown (20%+ increase),4,Faster with UPI,3-5,0-2,"No, I am not worried",Sometimes,UPI,"FOR THE SURVEYOR, FILL IMMEDIATELY AFTER INTERVIEW BASED ON PREVIOUS ANSWERS.",Yes,,Matches exactly,Clearly Visible,Cooperative
4-10-2026 13:46:37,1,,Male,45-59,Food items ,"Perishables (e.g., fruits, vegetables, cooked food)",glt road (near dunlop),6 month,Permanent Stall (Pucca/Semi-Pucca structure),2,Yes,To avoid the problem of change,Yes (monthly rent for device/service),6-8,Rarely (Less than once a month),3,?100-?500,25,Somewhat Fluctuating,6000,750,5,4,UPI (Bank record helps),"Yes, it helps me save more",Stayed the Same,4,Faster with UPI,0-2,0-2,Neutral/Don't care,Never,UPI,"FOR THE SURVEYOR, FILL IMMEDIATELY AFTER INTERVIEW BASED ON PREVIOUS ANSWERS.",Yes,,Matches exactly,Clearly Visible,Cooperative
4-10-2026 13:48:32,1,Green apple,Male,30-44,Grocery,"Non-Perishables (e.g., clothes, small electronics, repair services)",Behind SOSU,17 yrs,Permanent Stall (Pucca/Semi-Pucca structure),2,Yes,,Yes (monthly rent for device/service),6-8,Weekly,3,?20-?100,100-150,Very Steady (Collections are consistent),7000,5000,10,,,No difference in saving habits,Stayed the Same,4,Faster with UPI,0-2,3-5,,,Both are equally good,"FOR THE SURVEYOR, FILL IMMEDIATELY AFTER INTERVIEW BASED ON PREVIOUS ANSWERS.",Yes,Yes,Matches exactly,Clearly Visible,Cooperative
4-10-2026 13:59:51,1,Khokon store,Male,45-59,"Chips, cold drinks","Perishables (e.g., fruits, vegetables, cooked food)",Dunlop more,1,Permanent Stall (Pucca/Semi-Pucca structure),2,Yes,,Yes (monthly rent for device/service),6-8,Daily,3,?20-?100,15,Somewhat Fluctuating,2000,1500,10,,,,Stayed the Same,4,No change,0-2,0-2,,,Both are equally good,"FOR THE SURVEYOR, FILL IMMEDIATELY AFTER INTERVIEW BASED ON PREVIOUS ANSWERS.",Yes,,Matches exactly,Clearly Visible,Cooperative
4-10-2026 14:09:17,1,RS traders,Male,45-59,Electrical,"Non-Perishables (e.g., clothes, small electronics, repair services)",Opposite metro ,40,Permanent Stall (Pucca/Semi-Pucca structure),2,Yes,,No (Free),3-5,Weekly,3,?100-?500,12,Somewhat Fluctuating,5000,4000,2,,,,Significantly Grown (20%+ increase),4,Faster with UPI,3-5,Na,,,Both are equally good,"FOR THE SURVEYOR, FILL IMMEDIATELY AFTER INTERVIEW BASED ON PREVIOUS ANSWERS.",Yes,Yes,Matches exactly,Clearly Visible,Cooperative
4-10-2026 14:09:29,1,New variety stores,Female,30-44,Groceries,"Perishables (e.g., fruits, vegetables, cooked food)",Opposite dunlop more,70,Permanent Stall (Pucca/Semi-Pucca structure),2,Yes,Customers kept asking for it,Yes (small charge per sale/transaction),6-8,Rarely (Less than once a month),3,?20-?100,30-35,Somewhat Fluctuating,7000,3000,2,2,UPI (Bank record helps),No difference in saving habits,Declined (20%+ decrease),4,No change,0-2,0-2,"No, I am not worried",Never,Both are equally good,"FOR THE SURVEYOR, FILL IMMEDIATELY AFTER INTERVIEW BASED ON PREVIOUS ANSWERS.",Yes,,Slightly different,Clearly Visible,Cooperative
4-10-2026 14:18:20,1,Animal planet,Male,18-29,Pet store,"Perishables (e.g., fruits, vegetables, cooked food)",Opposite to metro,4,Permanent Stall (Pucca/Semi-Pucca structure),2,Yes,,No (Free),6-8,Monthly,3,?100-?500,5,Somewhat Fluctuating,2000,1500,0,,,,Significantly Grown (20%+ increase),4,Faster with UPI,,0-2,,,UPI,"FOR THE SURVEYOR, FILL IMMEDIATELY AFTER INTERVIEW BASED ON PREVIOUS ANSWERS.",Yes,,Slightly different,Clearly Visible,Cooperative
4-10-2026 14:22:59,1,Some pharmacy,Male,30-44,Medicines,"Perishables (e.g., fruits, vegetables, cooked food)",Dunlop more,15 days,Permanent Stall (Pucca/Semi-Pucca structure),2,Yes,Since start,Yes (monthly rent for device/service),6-8,Rarely (Less than once a month),3,?100-?500,Didnt disclose,Somewhat Fluctuating,Didnt disclose,Didnt disclose,Didnt disclose,,UPI (Bank record helps),,Stayed the Same,4,,,0-2,,,Both are equally good,"FOR THE SURVEYOR, FILL IMMEDIATELY AFTER INTERVIEW BASED ON PREVIOUS ANSWERS.",No (Flag for data cleaning),Yes,Slightly different,Clearly Visible,Suspicious
4-10-2026 14:29:57,1,Shakti battery stores,Male,30-44,Batteries,"Perishables (e.g., fruits, vegetables, cooked food)",Below dunlop bridge,30 years,Permanent Stall (Pucca/Semi-Pucca structure),2,Yes,Customers kept asking for it,No (Free),0-2,Rarely (Less than once a month),3,3000+,3,Very Steady (Collections are consistent),20000,15000,0,0,No difference,No difference in saving habits,Stayed the Same,4,No change,9-10,0-2,"No, I am not worried",Never,Both are equally good,"FOR THE SURVEYOR, FILL IMMEDIATELY AFTER INTERVIEW BASED ON PREVIOUS ANSWERS.",Yes,Yes,Slightly different,Clearly Visible,Cooperative
4-10-2026 14:33:03,1,Ajay store,Male,30-44,"Dry food, chips etc","Perishables (e.g., fruits, vegetables, cooked food)",Opposite to metro,35,Permanent Stall (Pucca/Semi-Pucca structure),2,Yes,,No (Free),6-8,Weekly,3,?20-?100,150,Very Steady (Collections are consistent),5500,5000,30,,,,Declined (20%+ decrease),4,,,0-2,,,Both are equally good,"FOR THE SURVEYOR, FILL IMMEDIATELY AFTER INTERVIEW BASED ON PREVIOUS ANSWERS.",Yes,,Slightly different,Clearly Visible,Distracted
4-10-2026 14:39:08,1,Pratima jewellers,Male,45-59,Jewellery,"Non-Perishables (e.g., clothes, small electronics, repair services)",B.T. road towards sodepur,15 year,Permanent Stall (Pucca/Semi-Pucca structure),2,Yes,Customers kept asking for it,No (Free),9-10,Rarely (Less than once a month),3,>1000,1-2,Very Unsteady (Collections vary greatly),-,-,-,-,No difference,,Stayed the Same,4,No change,0-2,0-2,Neutral/Don't care,Never,UPI,"FOR THE SURVEYOR, FILL IMMEDIATELY AFTER INTERVIEW BASED ON PREVIOUS ANSWERS.",,,Slightly different,Hidden/Asked for,Cooperative
4-10-2026 14:43:56,1,Rohit's shop,Male,30-44,"Chips, cold drinks","Perishables (e.g., fruits, vegetables, cooked food)",Opposite to metro,60,Permanent Stall (Pucca/Semi-Pucca structure),2,Yes,,Yes (monthly rent for device/service),6-8,Weekly,3,?20-?100,55,Very Steady (Collections are consistent),550,500,5,,,,Significantly Grown (20%+ increase),4,,,3-5,,Sometimes,Cash,"FOR THE SURVEYOR, FILL IMMEDIATELY AFTER INTERVIEW BASED ON PREVIOUS ANSWERS.",Yes,Yes,Matches exactly,Clearly Visible,Cooperative
4-10-2026 14:48:05,1,Sai jalpan junction,Male,30-44,South indian dishes,"Perishables (e.g., fruits, vegetables, cooked food)",Baranagar station,4 years,Permanent Stall (Pucca/Semi-Pucca structure),2,Yes,Customers kept asking for it,Yes (monthly rent for device/service),6-8,Rarely (Less than once a month),3,?20-?100,50-60,Very Steady (Collections are consistent),NA,NA,5-6,4,UPI (Bank record helps),No difference in saving habits,Stayed the Same,4,No change,0-2,0-2,"No, I am not worried",Never,UPI,"FOR THE SURVEYOR, FILL IMMEDIATELY AFTER INTERVIEW BASED ON PREVIOUS ANSWERS.",Yes,Yes,Slightly different,Clearly Visible,Cooperative
4-10-2026 14:53:00,1,Manoj's cart,Male,45-59,Juice,"Perishables (e.g., fruits, vegetables, cooked food)",Opposite to metro,15,Mobile Cart (Thela/Rehri),2,Yes,,Yes (monthly rent for device/service),6-8,Monthly,3,Below ?20,50,Somewhat Fluctuating,60,50,2,,,,Stayed the Same,4,,,0-2,,,UPI,"FOR THE SURVEYOR, FILL IMMEDIATELY AFTER INTERVIEW BASED ON PREVIOUS ANSWERS.",Yes,,Matches exactly,Clearly Visible,Cooperative
4-10-2026 15:03:44,1,Ashirbad electric,Male,30-44,Phone covers/screens,"Non-Perishables (e.g., clothes, small electronics, repair services)",Dunlop bazar,7 years,Permanent Stall (Pucca/Semi-Pucca structure),2,Yes,Customers kept asking for it,No (Free),6-8,Rarely (Less than once a month),3,?100-?500,20,Very Unsteady (Collections vary greatly),NA,NA,NA,,UPI (Bank record helps),No difference in saving habits,Stayed the Same,4,No change,3-5,0-2,Neutral/Don't care,Never,Both are equally good,"FOR THE SURVEYOR, FILL IMMEDIATELY AFTER INTERVIEW BASED ON PREVIOUS ANSWERS.",,,Slightly different,Clearly Visible,Cooperative
4-10-2026 15:15:19,1,Archana store (policeman),Male,45-59,Cosmetics,"Non-Perishables (e.g., clothes, small electronics, repair services)",Dunlop main road,1 year,Permanent Stall (Pucca/Semi-Pucca structure),2,Yes,,,3-5,,3,?20-?100,17,Somewhat Fluctuating,1250,1200,NA,,,,Stayed the Same,4,,,0-2,,,Cash,"FOR THE SURVEYOR, FILL IMMEDIATELY AFTER INTERVIEW BASED ON PREVIOUS ANSWERS.",,,Matches exactly,Hidden/Asked for,Threatened claiming policeman and threatened Aryanil about his sosur
4-10-2026 15:15:41,1,Joy ma tara lottery,Male,30-44,Lottery ticker,"Non-Perishables (e.g., clothes, small electronics, repair services)",Baranagar station,7 years,Permanent Stall (Pucca/Semi-Pucca structure),2,Yes,To avoid the problem of change,Yes (monthly rent for device/service),9-10,Rarely (Less than once a month),3,Below ?20,100,Very Steady (Collections are consistent),10000,6000,10,7,UPI (Bank record helps),"Yes, it helps me save more",Significantly Grown (20%+ increase),4,Faster with UPI,0-2,0-2,Neutral/Don't care,Never,UPI,"FOR THE SURVEYOR, FILL IMMEDIATELY AFTER INTERVIEW BASED ON PREVIOUS ANSWERS.",Yes,Yes,Matches exactly,Clearly Visible,Cooperative
4-10-2026 15:45:38,1,Chanachur dokan,Male,60+,Snacks,"Perishables (e.g., fruits, vegetables, cooked food)",GLT road (left from RSM),51 years,Permanent Stall (Pucca/Semi-Pucca structure),2,Yes,,Yes (monthly rent for device/service),3-5,Rarely (Less than once a month),3,?20-?100,20,Somewhat Fluctuating,1667,1333,3,,UPI (Bank record helps),"Yes, it helps me save more",Declined (20%+ decrease),4,Faster with UPI,3-5,0-2,"No, I am not worried",Never,UPI,"FOR THE SURVEYOR, FILL IMMEDIATELY AFTER INTERVIEW BASED ON PREVIOUS ANSWERS.",Yes,No (Potential perception bias),Slightly different,Clearly Visible,Cooperative
4-10-2026 15:53:22,1,Ghosh Variety Store,Male,45-59,Kirana,"Non-Perishables (e.g., clothes, small electronics, repair services)",GLT Road (left from RSM),25,Permanent Stall (Pucca/Semi-Pucca structure),2,Yes,,No (Free),0-2,Rarely (Less than once a month),3,Below ?20,35,Somewhat Fluctuating,NA,NA,NA,NA,No difference,No difference in saving habits,Declined (20%+ decrease),4,No change,9-10,0-2,Neutral/Don't care,Never,Cash,"FOR THE SURVEYOR, FILL IMMEDIATELY AFTER INTERVIEW BASED ON PREVIOUS ANSWERS.",Yes,Yes,Matches exactly,Hidden/Asked for,Cooperative
4-10-2026 16:38:09,1,Rani Bhavan 2nd floor,Male,45-59,Food,"Perishables (e.g., fruits, vegetables, cooked food)","203 campus, ISI Kolkata ",7,Permanent Stall (Pucca/Semi-Pucca structure),2,Yes,To avoid the problem of change,Yes (monthly rent for device/service),6-8,Rarely (Less than once a month),3,?20-?100,70,Very Unsteady (Collections vary greatly),NA,NA ,15,11,No difference,No difference in saving habits,Stayed the Same,4,Faster with UPI,3-5,0-2,"No, I am not worried",Often,UPI,"FOR THE SURVEYOR, FILL IMMEDIATELY AFTER INTERVIEW BASED ON PREVIOUS ANSWERS.",No (Flag for data cleaning),,Matches exactly,Clearly Visible,Cooperative
4-10-2026 16:56:08,1,Abhisekh Shaw,Male,30-44,Car accessories ,"Non-Perishables (e.g., clothes, small electronics, repair services)",Kamarhati More,15,Permanent Stall (Pucca/Semi-Pucca structure),2,Yes,Smooth Transitions,No (Free),9-10,Rarely (Less than once a month),3,?100-?500,40,Somewhat Fluctuating,NA,NA,3,3,UPI (Bank record helps),"Yes, it helps me save more",Significantly Grown (20%+ increase),4,Faster with UPI,0-2,0-2,"No, I am not worried",Never,UPI,"FOR THE SURVEYOR, FILL IMMEDIATELY AFTER INTERVIEW BASED ON PREVIOUS ANSWERS.",Yes,No (Potential perception bias),Matches exactly,Clearly Visible,Cooperative
4-10-2026 17:06:12,1,Snakhasubhra ghosh,Male,30-44,Medicines,"Perishables (e.g., fruits, vegetables, cooked food)",Kamarhati more,13hrs,Permanent Stall (Pucca/Semi-Pucca structure),2,Yes,"Customers kept asking for it, To avoid the problem of change, Convenience ",No (Free),6-8,Weekly,3,?100-?500,35,Somewhat Fluctuating,NA,2500,3,2,Cash (Physical count is better),No (I withdraw it immediately),Declined (20%+ decrease),4,Faster with UPI,3-5,0-2,"Yes, I am worried",Never,Cash,"FOR THE SURVEYOR, FILL IMMEDIATELY AFTER INTERVIEW BASED ON PREVIOUS ANSWERS.",Yes,,Matches exactly,Hidden/Asked for,Cooperative
4-10-2026 17:14:52,1,,Male,30-44,Medicines ,"Perishables (e.g., fruits, vegetables, cooked food)","1, BT Road",7 years,Permanent Stall (Pucca/Semi-Pucca structure),2,Yes,Customers kept asking for it,Yes (monthly rent for device/service),9-10,Monthly,3,?100-?500,30,Somewhat Fluctuating,NA,NA,3,3,No difference,No (I withdraw it immediately),Declined (20%+ decrease),4,Faster with UPI,0-2,0-2,"No, I am not worried",Never,Both are equally good,"FOR THE SURVEYOR, FILL IMMEDIATELY AFTER INTERVIEW BASED ON PREVIOUS ANSWERS.",Yes,,Matches exactly,Clearly Visible,Cooperative
4-10-2026 17:16:09,1,,Male,45-59,Medicine,"Perishables (e.g., fruits, vegetables, cooked food)","1, BT Road",7,Permanent Stall (Pucca/Semi-Pucca structure),2,Yes,To avoid the problem of change,Yes (monthly rent for device/service),9-10,Weekly,3,?100-?500,50,Somewhat Fluctuating,NA,5000,10,8,UPI (Bank record helps),No difference in saving habits,Stayed the Same,4,Faster with UPI,0-2,0-2,"No, I am not worried",Never,UPI,"FOR THE SURVEYOR, FILL IMMEDIATELY AFTER INTERVIEW BASED ON PREVIOUS ANSWERS.",Yes,Yes,Slightly different,Clearly Visible,Cooperative
4-10-2026 17:19:02,1,Sree krishna mistanna bhander sinthee,Male,45-59,Food,"Perishables (e.g., fruits, vegetables, cooked food)",Sinthee,40,Permanent Stall (Pucca/Semi-Pucca structure),2,Yes,Customers kept asking for it,Yes (small charge per sale/transaction),3-5,Daily,3,?100-?500,200,Somewhat Fluctuating,25000,15000,7,3,UPI (Bank record helps),"Yes, it helps me save more",Stayed the Same,4,Faster with UPI,3-5,3-5,"No, I am not worried",Often,Both are equally good,"FOR THE SURVEYOR, FILL IMMEDIATELY AFTER INTERVIEW BASED ON PREVIOUS ANSWERS.",Yes,,Slightly different,Clearly Visible,Cooperative
4-10-2026 17:30:06,1,,Female,45-59,Electronics ,"Non-Perishables (e.g., clothes, small electronics, repair services)",Rathtala more,2 years ,Permanent Stall (Pucca/Semi-Pucca structure),2,Yes,"Customers kept asking for it, To avoid the problem of change",Yes (monthly rent for device/service),9-10,Rarely (Less than once a month),3,15000,7,Somewhat Fluctuating,2.5lakhs,0,2,0,No difference,No difference in saving habits,Declined (20%+ decrease),4,Faster with UPI,0-2,0-2,"No, I am not worried",Never,Both are equally good,"FOR THE SURVEYOR, FILL IMMEDIATELY AFTER INTERVIEW BASED ON PREVIOUS ANSWERS.",Yes,,Matches exactly,Hidden/Asked for,Cooperative
4-10-2026 17:30:21,1,Elite Sinthee,Male,30-44,Food,"Perishables (e.g., fruits, vegetables, cooked food)",Sinthee,4,Permanent Stall (Pucca/Semi-Pucca structure),2,Yes,Customers kept asking for it,Yes (small charge per sale/transaction),9-10,Monthly,3,?20-?100,55,Very Unsteady (Collections vary greatly),NA,NA,11,7,Cash (Physical count is better),No difference in saving habits,Declined (20%+ decrease),4,Faster with UPI,3-5,0-2,"No, I am not worried",Never,Both are equally good,"FOR THE SURVEYOR, FILL IMMEDIATELY AFTER INTERVIEW BASED ON PREVIOUS ANSWERS.",Yes,,Slightly different,Clearly Visible,Cooperative
4-10-2026 17:37:40,1,Kartik roy,Male,45-59,Phones,"Non-Perishables (e.g., clothes, small electronics, repair services)",Feeder road,4,Permanent Stall (Pucca/Semi-Pucca structure),2,Yes,Convenience ,No (Free),9-10,Rarely (Less than once a month),3,10000,5,Very Unsteady (Collections vary greatly),NA,0,0,0,No difference,No difference in saving habits,Significantly Grown (20%+ increase),4,Faster with UPI,0-2,0-2,"No, I am not worried",Never,Both are equally good,"FOR THE SURVEYOR, FILL IMMEDIATELY AFTER INTERVIEW BASED ON PREVIOUS ANSWERS.",Yes,,Matches exactly,Hidden/Asked for,Cooperative
4-10-2026 17:39:42,1,New Ladies Corner Sinthee,Male,30-44,Beauty products,"Non-Perishables (e.g., clothes, small electronics, repair services)",Sinthee,43,Permanent Stall (Pucca/Semi-Pucca structure),2,Yes,To avoid the problem of change,Yes (monthly rent for device/service),6-8,Daily,3,?100-?500,60,Very Unsteady (Collections vary greatly),25000,7000,2,0,UPI (Bank record helps),No difference in saving habits,Declined (20%+ decrease),4,No change,3-5,0-2,"Yes, I am worried",Never,Cash,"FOR THE SURVEYOR, FILL IMMEDIATELY AFTER INTERVIEW BASED ON PREVIOUS ANSWERS.",Yes,,Slightly different,Clearly Visible,Cooperative
4-10-2026 17:50:09,1,Debashis,Male,18-29,"Chips, Frooti, Snacks","Perishables (e.g., fruits, vegetables, cooked food)",BHoS,2 years,Permanent Stall (Pucca/Semi-Pucca structure),2,Yes,Customers kept asking for it,Yes (small charge per sale/transaction),9-10,Rarely (Less than once a month),3,?20-?100,55,Very Steady (Collections are consistent),20000-25000,10000,5,5,UPI (Bank record helps),No difference in saving habits,Stayed the Same,4,Faster with UPI,0-2,0-2,"No, I am not worried",Sometimes,Both are equally good,"FOR THE SURVEYOR, FILL IMMEDIATELY AFTER INTERVIEW BASED ON PREVIOUS ANSWERS.",Yes,No (Potential perception bias),Matches exactly,Clearly Visible,Cooperative
4-10-2026 17:57:35,1,Saree Museum Sinthee,Male,45-59,Clothes,"Non-Perishables (e.g., clothes, small electronics, repair services)",Sinthee,22,Permanent Stall (Pucca/Semi-Pucca structure),2,Yes,Customers kept asking for it,No (Free),6-8,Rarely (Less than once a month),3,?100-?500,4,Very Unsteady (Collections vary greatly),NA,NA,1,0,UPI (Bank record helps),No difference in saving habits,Declined (20%+ decrease),4,Faster with UPI,3-5,0-2,"No, I am not worried",Never,Cash,"FOR THE SURVEYOR, FILL IMMEDIATELY AFTER INTERVIEW BASED ON PREVIOUS ANSWERS.",Yes,,Slightly different,Hidden/Asked for,Cooperative
4-10-2026 18:18:37,1,Sree Guru Niketan Sinthee,Male,45-59,Clothes,"Non-Perishables (e.g., clothes, small electronics, repair services)",Sinthee ,25,Permanent Stall (Pucca/Semi-Pucca structure),2,Yes,"Customers kept asking for it, To avoid the problem of change, Lockdown promoted it",No (Free),6-8,Rarely (Less than once a month),3,1000,70,Very Steady (Collections are consistent),8000,0,0,0,No difference,No (I withdraw it immediately),Declined (20%+ decrease),4,No change,0-2,0-2,"No, I am not worried",Never,UPI,"FOR THE SURVEYOR, FILL IMMEDIATELY AFTER INTERVIEW BASED ON PREVIOUS ANSWERS.",Yes,No (Potential perception bias),Slightly different,Clearly Visible,Cooperative
4-10-2026 18:28:48,1,S Chakraborty,Male,45-59,"Chips, bhujia, batteries, pan masala","Perishables (e.g., fruits, vegetables, cooked food)",Opp Pragati Sangha Maidan,40,Pavement (Sitting on ground or temporary mat/sheet),2,Yes,Other vendors were using it,No (Free),6-8,Rarely (Less than once a month),3,Variable,NA,Very Steady (Collections are consistent),2000,1200,4,0,No difference,No (I withdraw it immediately),Declined (20%+ decrease),4,Faster with UPI,6-8,0-2,"Yes, I am worried",Never,Cash,"FOR THE SURVEYOR, FILL IMMEDIATELY AFTER INTERVIEW BASED ON PREVIOUS ANSWERS.",No (Flag for data cleaning),No (Potential perception bias),Slightly different,Hidden/Asked for,Cooperative
4-10-2026 18:31:31,1,,Male,45-59,"Vehicle Tyre, Battery","Non-Perishables (e.g., clothes, small electronics, repair services)",Indo Tyres (cal),20 years,Permanent Stall (Pucca/Semi-Pucca structure),2,Yes,Customers kept asking for it,Yes (small charge per sale/transaction),9-10,Rarely (Less than once a month),3,3000-4000,10-12,Very Steady (Collections are consistent),"150,000-200,000",2500-3000,2,2,UPI (Bank record helps),No difference in saving habits,Significantly Grown (20%+ increase),4,Faster with UPI,0-2,0-2,"No, I am not worried",Never,UPI,"FOR THE SURVEYOR, FILL IMMEDIATELY AFTER INTERVIEW BASED ON PREVIOUS ANSWERS.",Yes,Yes,Matches exactly,Clearly Visible,Cooperative
4-10-2026 18:31:50,1,Akshay Medicos,Male,45-59,Medicines,"Non-Perishables (e.g., clothes, small electronics, repair services)",Sinthee ,9,Permanent Stall (Pucca/Semi-Pucca structure),2,Yes,"Customers kept asking for it, To avoid the problem of change",No (Free),3-5,Rarely (Less than once a month),3,?100-?500,55,Very Unsteady (Collections vary greatly),28000,8000,0,0,UPI (Bank record helps),No difference in saving habits,Declined (20%+ decrease),4,Faster with UPI,6-8,3-5,"No, I am not worried",Never,UPI,"FOR THE SURVEYOR, FILL IMMEDIATELY AFTER INTERVIEW BASED ON PREVIOUS ANSWERS.",Yes,,Slightly different,Clearly Visible,Cooperative
4-10-2026 18:44:24,1,Taara Ma Bhander,Male,45-59,Food,"Perishables (e.g., fruits, vegetables, cooked food)",Sinthee ,20,Permanent Stall (Pucca/Semi-Pucca structure),2,Yes,Other vendors were using it,No (Free),3-5,Rarely (Less than once a month),3,?20-?100,100,Somewhat Fluctuating,NA,NA,4,2,No difference,No difference in saving habits,Stayed the Same,4,Faster with UPI,6-8,0-2,"No, I am not worried",Never,Both are equally good,"FOR THE SURVEYOR, FILL IMMEDIATELY AFTER INTERVIEW BASED ON PREVIOUS ANSWERS.",Yes,,Slightly different,Clearly Visible,Cooperative
4-10-2026 18:46:15,1,,Male,45-59,Vehicle battery,"Non-Perishables (e.g., clothes, small electronics, repair services)",Puspita Motors,N/A,Permanent Stall (Pucca/Semi-Pucca structure),2,Yes,Customers kept asking for it,No (Free),9-10,Rarely (Less than once a month),3,1000-1200,10-12,Somewhat Fluctuating,"1,50,000",5000,0,0,UPI (Bank record helps),"Yes, it helps me save more",Significantly Grown (20%+ increase),4,Faster with UPI,0-2,0-2,"No, I am not worried",Never,UPI,"FOR THE SURVEYOR, FILL IMMEDIATELY AFTER INTERVIEW BASED ON PREVIOUS ANSWERS.",Yes,Yes,Matches exactly,Clearly Visible,Suspicious
4-10-2026 18:50:23,1,Car Decor,Male,45-59,4 and 3 wheeler electrical parts,"Non-Perishables (e.g., clothes, small electronics, repair services)",Auto Help Line,20,Permanent Stall (Pucca/Semi-Pucca structure),2,Yes,Customers kept asking for it,No (Free),6-8,Monthly,3,?20-?100,7,Somewhat Fluctuating,3000,500,0,0,No difference,No difference in saving habits,Stayed the Same,4,Faster with UPI,0-2,0-2,"No, I am not worried",Sometimes,UPI,"FOR THE SURVEYOR, FILL IMMEDIATELY AFTER INTERVIEW BASED ON PREVIOUS ANSWERS.",Yes,No (Potential perception bias),Major contradiction,Clearly Visible,Cooperative
4-10-2026 19:00:38,1,,Male,60+,"Snacks, Food items","Perishables (e.g., fruits, vegetables, cooked food)",St Augustin Day School,4,Permanent Stall (Pucca/Semi-Pucca structure),2,Yes,Other vendors were using it,,6-8,Rarely (Less than once a month),3,Below ?20,50-55,Very Steady (Collections are consistent),10000,2000-3000,10,2,Cash (Physical count is better),"Yes, it helps me save more",Significantly Grown (20%+ increase),4,Faster with UPI,3-5,0-2,Neutral/Don't care,Sometimes,Cash,"FOR THE SURVEYOR, FILL IMMEDIATELY AFTER INTERVIEW BASED ON PREVIOUS ANSWERS.",Yes,No (Potential perception bias),Matches exactly,Clearly Visible,Cooperative
4-10-2026 19:01:04,1,Ashok Rai,Male,60+,Helmet,"Non-Perishables (e.g., clothes, small electronics, repair services)",Opp Pragati sangha Maidan,3,Permanent Stall (Pucca/Semi-Pucca structure),2,Yes,Customers kept asking for it,No (Free),6-8,Rarely (Less than once a month),3,1000,8,Somewhat Fluctuating,NA,10000,3,0,UPI (Bank record helps),No (I withdraw it immediately),Stayed the Same,4,Faster with UPI,3-5,0-2,Neutral/Don't care,Never,UPI,"FOR THE SURVEYOR, FILL IMMEDIATELY AFTER INTERVIEW BASED ON PREVIOUS ANSWERS.",Yes,,Major contradiction,Clearly Visible,Distracted
4-10-2026 19:02:40,1,Babra Bag Centre,Male,45-59,Bag,"Non-Perishables (e.g., clothes, small electronics, repair services)",Sinthee,5,Pavement (Sitting on ground or temporary mat/sheet),2,Yes,Customers kept asking for it,No (Free),6-8,Rarely (Less than once a month),3,?100-?500,5,Very Unsteady (Collections vary greatly),NA,NA,2,0,No difference,No difference in saving habits,Declined (20%+ decrease),4,Faster with UPI,3-5,0-2,"No, I am not worried",Never,Cash,"FOR THE SURVEYOR, FILL IMMEDIATELY AFTER INTERVIEW BASED ON PREVIOUS ANSWERS.",Yes,,Slightly different,Hidden/Asked for,Cooperative
4-10-2026 19:08:55,1,Kishore Churashi,Male,60+,Drill,"Non-Perishables (e.g., clothes, small electronics, repair services)","Opp Maruti Suzuki Showroom, near ananya",40,Permanent Stall (Pucca/Semi-Pucca structure),2,Yes,Customers kept asking for it,No (Free),3-5,Rarely (Less than once a month),3,900,18,Very Unsteady (Collections vary greatly),NA,NA,0,0,UPI (Bank record helps),No (I withdraw it immediately),Declined (20%+ decrease),4,Faster with UPI,3-5,NA,"No, I am not worried",Never,UPI,"FOR THE SURVEYOR, FILL IMMEDIATELY AFTER INTERVIEW BASED ON PREVIOUS ANSWERS.",Yes,,Major contradiction,Clearly Visible,Distracted
4-10-2026 19:12:48,1,Raipur electronics,Male,18-29,"Consumer electronics, home appliances","Non-Perishables (e.g., clothes, small electronics, repair services)","Opposite NPR residential building,B.T.Road ",2,Permanent Stall (Pucca/Semi-Pucca structure),2,Yes,Other vendors were using it,No (Free),3-5,Rarely (Less than once a month),3,10000,6,Very Unsteady (Collections vary greatly),20000,3000,0,0,No difference,No difference in saving habits,Stayed the Same,4,No change,0-2,0-2,"No, I am not worried",Never,UPI,"FOR THE SURVEYOR, FILL IMMEDIATELY AFTER INTERVIEW BASED ON PREVIOUS ANSWERS.",No (Flag for data cleaning),Yes,Major contradiction,Clearly Visible,Cooperative
4-10-2026 19:15:16,1,,Male,30-44,Fruits ,"Perishables (e.g., fruits, vegetables, cooked food)",St. Augustine Day School,10,Mobile Cart (Thela/Rehri),2,Yes,Customers kept asking for it,No (Free),3-5,Rarely (Less than once a month),3,Below ?20,25-30,Somewhat Fluctuating,1200,600,6,3,UPI (Bank record helps),"Yes, it helps me save more",Significantly Grown (20%+ increase),4,Faster with UPI,3-5,6-7,"No, I am not worried",Never,Both are equally good,"FOR THE SURVEYOR, FILL IMMEDIATELY AFTER INTERVIEW BASED ON PREVIOUS ANSWERS.",,,Slightly different,Hidden/Asked for,Cooperative
4-10-2026 19:16:38,1,Chatterjee Universe,Female,45-59,Food,"Perishables (e.g., fruits, vegetables, cooked food)",Sinthee,2,Pavement (Sitting on ground or temporary mat/sheet),2,Yes,"Customers kept asking for it, To avoid the problem of change",Yes (monthly rent for device/service),9-10,Rarely (Less than once a month),3,?20-?100,40,Very Unsteady (Collections vary greatly),NA,NA,5,1,No difference,No difference in saving habits,Significantly Grown (20%+ increase),4,Faster with UPI,0-2,0-2,"No, I am not worried",Never,Cash,"FOR THE SURVEYOR, FILL IMMEDIATELY AFTER INTERVIEW BASED ON PREVIOUS ANSWERS.",Yes,,Major contradiction,Clearly Visible,Cooperative
4-10-2026 19:18:04,1,,Male,45-59,Medicines,"Perishables (e.g., fruits, vegetables, cooked food)",Biva Medical Stores,25,Permanent Stall (Pucca/Semi-Pucca structure),2,Yes,Customers kept asking for it,No (Free),6-8,Rarely (Less than once a month),3,N/A,50-60,Somewhat Fluctuating,4000,800,10,5,UPI (Bank record helps),No difference in saving habits,Stayed the Same,4,Faster with UPI,3-5,N/A,"No, I am not worried",Never,UPI,"FOR THE SURVEYOR, FILL IMMEDIATELY AFTER INTERVIEW BASED ON PREVIOUS ANSWERS.",Yes,,Slightly different,Clearly Visible,Distracted
4-10-2026 19:31:59,1,Phuchka Stall,Male,30-44,Phuchka,"Perishables (e.g., fruits, vegetables, cooked food)",Sinthee,1,Mobile Cart (Thela/Rehri),2,Yes,To avoid the problem of change,Yes (monthly rent for device/service),6-8,Rarely (Less than once a month),3,?20-?100,75,Very Unsteady (Collections vary greatly),NA,NA,8,2,No difference,No difference in saving habits,Declined (20%+ decrease),4,Faster with UPI,6-8,20,Neutral/Don't care,Never,Both are equally good,"FOR THE SURVEYOR, FILL IMMEDIATELY AFTER INTERVIEW BASED ON PREVIOUS ANSWERS.",No (Flag for data cleaning),,Major contradiction,Clearly Visible,Cooperative
4-10-2026 19:33:16,1,Racer staion,Male,60+,Vehicle repair shop,"Non-Perishables (e.g., clothes, small electronics, repair services)",Next to Raipur electronics ,30,Permanent Stall (Pucca/Semi-Pucca structure),2,Yes,Customers kept asking for it,Yes (monthly rent for device/service),9-10,Daily,3,?20-?100,7,Very Unsteady (Collections vary greatly),1100,350p,3,2,UPI (Bank record helps),No (I withdraw it immediately),Stayed the Same,4,Faster with UPI,0-2,0-2,"No, I am not worried",Never,Cash,"FOR THE SURVEYOR, FILL IMMEDIATELY AFTER INTERVIEW BASED ON PREVIOUS ANSWERS.",Yes,,Slightly different,Clearly Visible,Cooperative
4-10-2026 19:35:07,1,,Male,45-59,Stationeries,"Non-Perishables (e.g., clothes, small electronics, repair services)",Unique Communication and Stationers,7,Permanent Stall (Pucca/Semi-Pucca structure),2,Yes,Customers kept asking for it,No (Free),3-5,Rarely (Less than once a month),3,Below ?20,30,Very Steady (Collections are consistent),700,400,6,2,Cash (Physical count is better),No difference in saving habits,Stayed the Same,4,Faster with UPI,3-5,0-2,"No, I am not worried",Often,Cash,"FOR THE SURVEYOR, FILL IMMEDIATELY AFTER INTERVIEW BASED ON PREVIOUS ANSWERS.",Yes,,Matches exactly,Clearly Visible,Cooperative
4-10-2026 19:37:12,1,Guru Nanak Stores,Male,45-59,Mobile Phones,"Non-Perishables (e.g., clothes, small electronics, repair services)",Near Ananya,24,Permanent Stall (Pucca/Semi-Pucca structure),2,Yes,"Customers kept asking for it, Ease of doing business",No (Free),6-8,Rarely (Less than once a month),3,200000,18,Somewhat Fluctuating,800000,0,7,5,No difference,No (I withdraw it immediately),Declined (20%+ decrease),4,Faster with UPI,0-2,0-2,"No, I am not worried",Never,UPI,"FOR THE SURVEYOR, FILL IMMEDIATELY AFTER INTERVIEW BASED ON PREVIOUS ANSWERS.",Yes,No (Potential perception bias),Matches exactly,Clearly Visible,Cooperative
4-10-2026 19:46:19,1,Swastik,Male,18-29,"Cosmetics, Jewellery, Potato Chips","Non-Perishables (e.g., clothes, small electronics, repair services)",Sinthee,12,Permanent Stall (Pucca/Semi-Pucca structure),2,Yes,Customers kept asking for it,Yes (monthly rent for device/service),3-5,Rarely (Less than once a month),3,?100-?500,25,Somewhat Fluctuating,6500,3000,6,0,No difference,No difference in saving habits,Stayed the Same,4,No change,6-8,10,"No, I am not worried",Never,Both are equally good,"FOR THE SURVEYOR, FILL IMMEDIATELY AFTER INTERVIEW BASED ON PREVIOUS ANSWERS.",Yes,,Major contradiction,Clearly Visible,Cooperative
4-10-2026 19:46:28,1,Jaiswal automobile ,Male,30-44,Parts of four wheeler ,"Non-Perishables (e.g., clothes, small electronics, repair services)",Opposite of pragati sangha,14,Permanent Stall (Pucca/Semi-Pucca structure),2,Yes,Customers kept asking for it,No (Free),6-8,Monthly,3,Around 5000,10-15,Very Steady (Collections are consistent),15000,4000,6,3,UPI (Bank record helps),No difference in saving habits,Declined (20%+ decrease),4,Faster with UPI,3-5,0-2,"No, I am not worried",Never,Both are equally good,"FOR THE SURVEYOR, FILL IMMEDIATELY AFTER INTERVIEW BASED ON PREVIOUS ANSWERS.",Yes,Yes,Slightly different,Clearly Visible,Cooperative
4-10-2026 19:50:10,1,,Male,30-44,Spectacles,"Non-Perishables (e.g., clothes, small electronics, repair services)",AXIS Opticians,10,Permanent Stall (Pucca/Semi-Pucca structure),2,Yes,To avoid the problem of change,No (Free),9-10,Rarely (Less than once a month),3,500-700,10,Very Unsteady (Collections vary greatly),700,300,0,0,UPI (Bank record helps),"Yes, it helps me save more",Significantly Grown (20%+ increase),4,Faster with UPI,0-2,0-2,"No, I am not worried",Never,Cash,"FOR THE SURVEYOR, FILL IMMEDIATELY AFTER INTERVIEW BASED ON PREVIOUS ANSWERS.",Yes,,Matches exactly,Clearly Visible,Cooperative
4-10-2026 19:54:51,1,Abhishek Jaiswal,Male,30-44,Power tools,"Non-Perishables (e.g., clothes, small electronics, repair services)",Opp Pragati Sangha Maidan,20,Permanent Stall (Pucca/Semi-Pucca structure),2,No,,,,,3,850,10,Very Unsteady (Collections vary greatly),NA,NA,5,0,,,Declined (20%+ decrease),4,,,0-2,,,Cash,"FOR THE SURVEYOR, FILL IMMEDIATELY AFTER INTERVIEW BASED ON PREVIOUS ANSWERS.",,,Matches exactly,None found (Vendor stated they don't accept UPI),Cooperative
4-10-2026 20:16:34,1,,Female,30-44,"Cosmetics, Jewellery","Non-Perishables (e.g., clothes, small electronics, repair services)",Radharani Cosmetics Store,3 months,Permanent Stall (Pucca/Semi-Pucca structure),2,Yes,It's been there since inception.,No (Free),6-8,Rarely (Less than once a month),3,1200,18,Very Steady (Collections are consistent),5000,900,2,0,UPI (Bank record helps),"Yes, it helps me save more",Stayed the Same,4,Faster with UPI,3-5,0-2,,Never,UPI,"FOR THE SURVEYOR, FILL IMMEDIATELY AFTER INTERVIEW BASED ON PREVIOUS ANSWERS.",Yes,,Slightly different,Clearly Visible,Cooperative
4-10-2026 20:26:20,1,Dr Koustav Mukherjee,Male,30-44,Dental clinic,"Non-Perishables (e.g., clothes, small electronics, repair services)",Opp Maruti Suzuki showroom,3,Permanent Stall (Pucca/Semi-Pucca structure),2,Yes,"Customers kept asking for it, Customers cannot carry much cash so convenient for customers",No (Free),6-8,Weekly,3,2500,4,Very Unsteady (Collections vary greatly),15000,2000,1,1,No difference,No difference in saving habits,Significantly Grown (20%+ increase),4,Faster with UPI,3-5,0-2,"No, I am not worried",Never,Cash,"FOR THE SURVEYOR, FILL IMMEDIATELY AFTER INTERVIEW BASED ON PREVIOUS ANSWERS.",Yes,,Major contradiction,Hidden/Asked for,Cooperative
4-10-2026 20:38:42,1,,Male,30-44,"Chips, Biscuit, Bread etc.","Perishables (e.g., fruits, vegetables, cooked food)","Ani's; Grocery, Confectionery",4,Permanent Stall (Pucca/Semi-Pucca structure),2,Yes,Other vendors were using it,No (Free),0-2,Rarely (Less than once a month),3,?100-?500,N/A,Somewhat Fluctuating,N/A,N/A,13,3,No difference,No difference in saving habits,Stayed the Same,4,Faster with UPI,6-8,0-2,"No, I am not worried",Never,Both are equally good,"FOR THE SURVEYOR, FILL IMMEDIATELY AFTER INTERVIEW BASED ON PREVIOUS ANSWERS.",Yes,,Slightly different,Clearly Visible,Cooperative
4-10-2026 21:11:43,1,,Male,45-59,Medicines etc.,"Non-Perishables (e.g., clothes, small electronics, repair services)","Life Cure, Chemists and Druggists",32,Permanent Stall (Pucca/Semi-Pucca structure),2,Yes,"To avoid the problem of change, Other vendors were using it",Yes (monthly rent for device/service),3-5,Rarely (Less than once a month),3,?100-?500,20,Somewhat Fluctuating,2700,750,12,5,UPI (Bank record helps),"Yes, it helps me save more",Stayed the Same,4,Faster with UPI,3-5,0-2,"No, I am not worried",Sometimes,UPI,"FOR THE SURVEYOR, FILL IMMEDIATELY AFTER INTERVIEW BASED ON PREVIOUS ANSWERS.",Yes,,Matches exactly,Clearly Visible,Cooperative
4-12-2026 11:58:12,1,Sahil,Male,30-44,fruits ,"Perishables (e.g., fruits, vegetables, cooked food)",near baranagar metro,6 year,Pavement (Sitting on ground or temporary mat/sheet),2,Yes,To avoid the problem of change,No (Free),3-5,Rarely (Less than once a month),3,?20-?100,25-30,Very Unsteady (Collections vary greatly),2500+,400-500,3,0,UPI (Bank record helps),No difference in saving habits,Stayed the Same,4,No change,6-8,0-2,Neutral/Don't care,Never,Both are equally good,"FOR THE SURVEYOR, FILL IMMEDIATELY AFTER INTERVIEW BASED ON PREVIOUS ANSWERS.",Yes,,Slightly different,Hidden/Asked for,Cooperative
4-28-2026 11:40:40,1,Coconut Seller ,Male,30-44,Coconut ,"Perishables (e.g., fruits, vegetables, cooked food)",Siddha Apartments ,From 10 years old with his father,Mobile Cart (Thela/Rehri),2,Yes,Customers kept asking for it,No (Free),3-5,Rarely (Less than once a month),3,Usually families buy coconuts together hence 120-140 Rs,Depends on the day. I have some regular customers in the flats and rest is variable so around 20-25 per day.,Somewhat Fluctuating,(Last Thursday was a good sale day I sold above 100 coconuts) He said greater than 5000. But if we assume 60 Rs average price then it's above 6000 ,He does not remember. Emni dine he sells 50-60 coconuts,Last 30 minutes he was near flat so all his regular customers came. I myself observed 4 people buying. He said 7-8 people.,All expect 1 family ( 3 people),Cash (Physical count is better),No difference in saving habits,Stayed the Same,4,Faster with UPI,,0-2,"No, I am not worried",Never,Cash,"FOR THE SURVEYOR, FILL IMMEDIATELY AFTER INTERVIEW BASED ON PREVIOUS ANSWERS.",Yes,No (Potential perception bias),Slightly different,Clearly Visible,Distracted
4-28-2026 11:53:59,1,Phuchka wala,Female,30-44,"Phuchka ( tok / doi) , papri chat, churmur etc","Perishables (e.g., fruits, vegetables, cooked food)","Going towards TFP, the 3 way intersection point near the shwarma store",Here from 3 years. earlier they were in Bardhaman,Mobile Cart (Thela/Rehri),2,Yes,"Other vendors were using it, It is really convenient to accept payments ",No (Free),6-8,Weekly,3,?20-?100,100,Somewhat Fluctuating,NA ( reluctant to answer),NA ( reluctant to answer),3,None of them,Cash (Physical count is better),"Yes, it helps me save more",Significantly Grown (20%+ increase),4,Faster with UPI,0-2,0-2,Neutral/Don't care,Never,UPI,"FOR THE SURVEYOR, FILL IMMEDIATELY AFTER INTERVIEW BASED ON PREVIOUS ANSWERS.",Yes,,Major contradiction,Clearly Visible,Suspicious
4-28-2026 12:17:50,1,New Ladies Corner,Male,18-29,"Makeup, Skincare, They asked me to buy their pimple removing cream for 60 Rs :(","Non-Perishables (e.g., clothes, small electronics, repair services)",Sithir More,Did not know ( not the owner),Permanent Stall (Pucca/Semi-Pucca structure),2,Yes,"Customers kept asking for it, To avoid the problem of change, Other vendors were using it",Yes (monthly rent for device/service),3-5,Daily,3,?100-?500,More than 30 ,Somewhat Fluctuating,NA,NA,7-8,3-4 ( unreliable),,,Significantly Grown (20%+ increase),4,Faster with UPI,6-8,0-2,,Never,Cash,"FOR THE SURVEYOR, FILL IMMEDIATELY AFTER INTERVIEW BASED ON PREVIOUS ANSWERS.",Yes,,Slightly different,Clearly Visible,Distracted
